<?xml version="1.0"?>
<doc>
    <assembly>
        <name>Nancy.Authentication.Stateless</name>
    </assembly>
    <members>
        <member name="T:Nancy.Authentication.Stateless.StatelessAuthentication">
            <summary>
            Nancy stateless authentication implementation
            </summary>
        </member>
        <member name="M:Nancy.Authentication.Stateless.StatelessAuthentication.Enable(Nancy.Bootstrapper.IPipelines,Nancy.Authentication.Stateless.StatelessAuthenticationConfiguration)">
            <summary>        
            Enables stateless authentication for the application
            </summary>
            <param name="pipelines">Pipelines to add handlers to (usually "this")</param>
            <param name="configuration">Stateless authentication configuration</param>
        </member>
        <member name="M:Nancy.Authentication.Stateless.StatelessAuthentication.GetLoadAuthenticationHook(Nancy.Authentication.Stateless.StatelessAuthenticationConfiguration)">
            <summary>
            Gets the pre request hook for loading the authenticated user's details
            from apikey given in request.
            </summary>
            <param name="configuration">Stateless authentication configuration to use</param>
            <returns>Pre request hook delegate</returns>
        </member>
        <member name="T:Nancy.Authentication.Stateless.StatelessAuthenticationConfiguration">
            <summary>
            Configuration options for stateless authentication
            </summary>
        </member>
        <member name="M:Nancy.Authentication.Stateless.StatelessAuthenticationConfiguration.#ctor(System.Func{Nancy.NancyContext,Nancy.Security.IUserIdentity})">
            <summary>
            Initializes a new instance of the <see cref="T:Nancy.Authentication.Stateless.StatelessAuthenticationConfiguration"/> class.
            </summary>
        </member>
        <member name="P:Nancy.Authentication.Stateless.StatelessAuthenticationConfiguration.IsValid">
            <summary>
            Gets a value indicating whether the configuration is valid or not.
            </summary>
        </member>
    </members>
</doc>
