<?xml version="1.0"?>
<doc>
    <assembly>
        <name>bolt</name>
    </assembly>
    <members>
        <member name="T:IBoltStateProperty">
            <summary>
            Base interface for custom state properties
            </summary>
        </member>
        <member name="M:IBoltStateProperty.Pack(BoltEntityUpdateInfo,UdpKit.UdpStream)">
            <summary>
            Called for packing this property into a stream
            </summary>
        </member>
        <member name="M:IBoltStateProperty.Read(BoltEntityUpdateInfo,UdpKit.UdpStream)">
            <summary>
            Called for unpacking this property from a stream
            </summary>
        </member>
        <member name="M:IBoltStateProperty.Skip(BoltEntityUpdateInfo)">
            <summary>
            Called when a packet arrived for the entity for this state, but
            it contained no updated value for this property.
            </summary>
            <param name="info"></param>
        </member>
        <member name="T:BoltObject">
            <summary>
            Base class for most objects in Bolt
            </summary>
        </member>
        <member name="T:BoltMapAsset">
            <summary>
            Asset which contains a Bolt map
            </summary>
        </member>
        <member name="P:BoltMapAsset.id">
            <summary>
            The scene id of the map
            </summary>
        </member>
        <member name="P:BoltMapAsset.path">
            <summary>
            The scene path of the map
            </summary>
        </member>
        <member name="P:BoltMapAsset.userToken">
            <summary>
            The user token assigned to this map
            </summary>
        </member>
        <member name="T:BoltCallbacksBase">
            <summary>
            Base class for all BoltCallbacks objects
            </summary>
        </member>
        <member name="T:BoltFactory">
            <summary>
            Responsible for creating events and commands during runtime
            </summary>
        </member>
        <member name="M:BoltFactory.NewEvent``1">
            <summary>
            Creates a new event of type T, which has to be an interface
            which inherits from IBoltEvent
            </summary>
            <typeparam name="T">The type of event to create</typeparam>
            <example>
            IUserEventType evt = BoltFactory.NewEvent&lt;IUserEventType&gt;();
            </example>
        </member>
        <member name="M:BoltFactory.NewCommand``1">
            <summary>
            Creates a new command of type T, which has to be a class
            which inherits from BoltCommand
            </summary>
            <typeparam name="T">The type of command to create</typeparam>
            <example>
            UserCommandType cmd = BoltFactory.NewCommand&lt;UserCommandType&gt;();
            </example>
        </member>
        <member name="M:BoltFactory.NewEvent(System.Type)">
            <summary>
            Creates a new event of the type passed as the argument, which has to be an interface
            which inherits from IBoltEvent
            </summary>
            <example>
            IBoltEvent evt = BoltFactory.NewEvent(typeof(IUserEventType));
            </example>
        </member>
        <member name="M:BoltFactory.NewCommand(System.Type)">
            <summary>
            Creates a new command of the type passed as the argument, which has to be a class
            which inherits from BoltCommand
            </summary>
            <example>
            BoltCommand cmd = BoltFactory.NewCommand(typeof(UserCommandType));
            </example>
        </member>
        <member name="M:BoltFactory.Register(IBoltCommandFactory)">
             <summary>
             Registers a new command factory, this has to be done in the BoltCallback.IStartDone callback. This allows
             you to register custom command types which are not compiled through a command asset.
             </summary>
             <example>
            using UnityEngine;
             
            public class ExampleCallbacks : BoltCallback, BoltCallback.IStartDone {
            	void BoltCallback.IStartDone.Invoke () {
            		BoltFactory.Register(new UserCommandTypeFactory());
            	}
            }
             </example>
        </member>
        <member name="M:BoltFactory.Register(IBoltEventFactory)">
             <summary>
             Registers a new event factory, this has to be done in the BoltCallback.IStartDone callback. This allows
             you to register custom event types which are not compiled through an event asset.
             </summary>
             <example>
            using UnityEngine;
             
            public class ExampleCallbacks : BoltCallback, BoltCallback.IStartDone {
            	void BoltCallback.IStartDone.Invoke () {
            		BoltFactory.Register(new UserEventTypeFactory());
            	}
            }
             </example>
        </member>
        <member name="T:BoltEntityPersistanceMode">
            <summary>
            Persistance mode of entities
            </summary>
        </member>
        <member name="F:BoltEntityPersistanceMode.DestroyOnLoad">
            <summary>
            Destroy this entity on map load
            </summary>
        </member>
        <member name="F:BoltEntityPersistanceMode.PersistOnLoad">
            <summary>
            Persist this entity on map load
            </summary>
        </member>
        <member name="T:BoltEntityUpdateInfo">
            <summary>
            Contains information about the current entity update which is being written or read
            </summary>
        </member>
        <member name="P:BoltEntityUpdateInfo.frame">
            <summary>
            Which frame this update is for
            </summary>
        </member>
        <member name="P:BoltEntityUpdateInfo.first">
            <summary>
            If this is the first update of the entity or a subsequente one
            </summary>
        </member>
        <member name="P:BoltEntityUpdateInfo.connection">
            <summary>
            If packing the connection this update is going to.
            If reading the connection the update was received from.
            </summary>
        </member>
        <member name="T:IBoltEvent">
            <summary>
            Empty marker interface all events must implement
            </summary>
        </member>
        <member name="T:BoltEvent">
            <summary>
            Base class for all events
            </summary>
        </member>
        <member name="M:BoltEvent.Pack(UdpKit.UdpStream,BoltConnection)">
            <summary>
            Called for packing this event
            </summary>
            <param name="stream">The stream we are writing to</param>
            <param name="connection">The connection the stream will be sent to</param>
        </member>
        <member name="M:BoltEvent.Read(UdpKit.UdpStream,BoltConnection)">
            <summary>
            Called for reading this event
            </summary>
            <param name="stream">The stream we are reading from</param>
            <param name="connection">The connection the stream was received from</param>
        </member>
        <member name="M:BoltEvent.Free">
            <summary>
            Called when the event is ready to be recycled, allows
            freeing of resources.
            </summary>
        </member>
        <member name="M:BoltEvent.FilterSend(BoltConnection)">
            <summary>
            Called to check if we should send the event to a connection
            </summary>
            <param name="cn">The connection we are testing</param>
        </member>
        <member name="M:BoltEvent.FilterRecv(BoltConnection)">
            <summary>
            Called to check if we should receive an event from a connection
            </summary>
            <param name="cn">The connection we are testing</param>
        </member>
        <member name="M:BoltEvent.FilterInvoke">
            <summary>
            Called to check if we should invoke this event on our local machine
            </summary>
        </member>
        <member name="T:IBoltEventFactory">
            <summary>
            Interface all event factories must implement
            </summary>
        </member>
        <member name="M:IBoltEventFactory.Create">
            <summary>
            Create a new event of the type returned by IBoltEventFactory.eventType
            </summary>
            <returns></returns>
        </member>
        <member name="M:IBoltEventFactory.Dispatch(System.Object,System.Object)">
            <summary>
            Dispatch an event of the type returned from IBoltEventFactory.eventType on the target object
            </summary>
            <param name="evnt">The event to be dispatched</param>
            <param name="target">The target that receives the event</param>
        </member>
        <member name="P:IBoltEventFactory.eventType">
            <summary>
            The event type this factory creates. Must be unique across the whole application.
            </summary>
        </member>
        <member name="P:IBoltEventFactory.eventId">
            <summary>
            The event id of the event this factory creates. Must e unique across the whojle application
            </summary>
        </member>
        <member name="T:BoltPhysics">
            <summary>
            Contains functions for raycasting against BoltHitboxBody objects
            </summary>
        </member>
        <member name="M:BoltPhysics.Raycast(UnityEngine.Ray)">
            <summary>
            Cast a ray against the last frame
            </summary>
        </member>
        <member name="M:BoltPhysics.Raycast(UnityEngine.Ray,System.Int32)">
            <summary>
            Cast a ray against a specific frame number
            </summary>
        </member>
        <member name="M:BoltPhysics.OverlapSphere(UnityEngine.Vector3,System.Single)">
            <summary>
            Overlap a sphere against the last frame
            </summary>
        </member>
        <member name="M:BoltPhysics.OverlapSphere(UnityEngine.Vector3,System.Single,System.Int32)">
            <summary>
            Overlap a sphere gainst a specific frame
            </summary>
        </member>
        <member name="T:BoltMapLoadOp">
            <summary>
            Describes a map loading operation
            </summary>
        </member>
        <member name="P:BoltMapLoadOp.mapAsset">
            <summary>
            The map asset this operation wants to load
            </summary>
        </member>
        <member name="P:BoltMapLoadOp.isValid">
            <summary>
            If this is a valid load operation
            </summary>
        </member>
        <member name="T:BoltMapLoader">
            <summary>
            Performs loading and unloading of maps
            </summary>
        </member>
        <member name="P:BoltMapLoader.isLoading">
            <summary>
            If we are loading a map currently or not
            </summary>
        </member>
        <member name="T:BoltHitbox">
            <summary>
            Defines one hitbox on a BoltHitboxBody
            </summary>
        </member>
        <member name="P:BoltHitbox.hitboxShape">
            <summary>
            Shape of the hitbox (box or sphere)
            </summary>
        </member>
        <member name="P:BoltHitbox.hitboxType">
            <summary>
            Type of the hitbox
            </summary>
        </member>
        <member name="P:BoltHitbox.hitboxCenter">
            <summary>
            Center of the hitbox in local coordinates
            </summary>
        </member>
        <member name="P:BoltHitbox.hitboxBoxSize">
            <summary>
            Size of the hitbox if this shape is a box
            </summary>
        </member>
        <member name="P:BoltHitbox.hitboxSphereRadius">
            <summary>
            Radius of the hitbox if this shape is a sphere
            </summary>
        </member>
        <member name="T:BoltHitboxBody">
            <summary>
            Defines a body of hitboxes to be tracked 
            </summary>
        </member>
        <member name="T:BoltPhysicsHit">
            <summary>
            Describes a hit to a BoltHitbox on a BoltHitboxBody
            </summary>
        </member>
        <member name="F:BoltPhysicsHit.distance">
            <summary>
            The distance away from the origin of the ray
            </summary>
        </member>
        <member name="F:BoltPhysicsHit.hitbox">
            <summary>
            Which hitbox was hit
            </summary>
        </member>
        <member name="F:BoltPhysicsHit.body">
            <summary>
            The body which was hit
            </summary>
        </member>
        <member name="T:BoltPhysicsHits">
            <summary>
            Container for a group of BoltPhysicsHits
            </summary>
        </member>
        <member name="M:BoltPhysicsHits.GetHit(System.Int32)">
            <summary>
            Get the hit at a specific index
            </summary>
        </member>
        <member name="P:BoltPhysicsHits.count">
            <summary>
            How many hits we have in the collection
            </summary>
        </member>
        <member name="T:BoltConnection">
            <summary>
            Represents a connection from a remote host
            </summary>
        </member>
        <member name="M:BoltConnection.Disconnect">
            <summary>
            Disconnect this connection
            </summary>
        </member>
        <member name="M:BoltConnection.GetSkippedUpdates(BoltEntity)">
            <summary>
            How many updates have been skipped for the entity to this connection
            </summary>
        </member>
        <member name="M:BoltConnection.Raise(IBoltEvent)">
            <summary>
            Raise an event on the remote end of this connection
            </summary>
            <param name="event">The event to raise</param>
        </member>
        <member name="P:BoltConnection.id">
            <summary>
            Unique id for this connection
            </summary>
        </member>
        <member name="P:BoltConnection.udpConnection">
            <summary>
            The underlying UdpKit connection for this connection
            </summary>
        </member>
        <member name="P:BoltConnection.remoteFrame">
            <summary>
            This is the estimated remote frame of the other end of this connection
            </summary>
        </member>
        <member name="P:BoltConnection.ping">
            <summary>
            Ping (in seconds) of this connection
            </summary>
        </member>
        <member name="P:BoltConnection.pingAliased">
            <summary>
            Aliased ping (in seconds) of this connection
            </summary>
        </member>
        <member name="P:BoltConnection.isLoadingMap">
            <summary>
            If the other end of this connection is loading a map currently
            </summary>
        </member>
        <member name="P:BoltConnection.bitsPerSecondIn">
            <summary>
            How many bits per second we are receiving in
            </summary>
        </member>
        <member name="P:BoltConnection.bitsPerSecondOut">
            <summary>
            How many bits per second we are sending out
            </summary>
        </member>
        <member name="P:BoltConnection.remoteEndPoint">
            <summary>
            Remote end point of this connection
            </summary>
        </member>
        <member name="P:BoltConnection.userToken">
            <summary>
            User setable token
            </summary>
        </member>
        <member name="T:BoltConsole">
            <summary>
            Renders a toggleable console at the top of the screen
            </summary>
        </member>
        <member name="M:BoltConsole.Write(System.String,UnityEngine.Color)">
            <summary>
            Write one line to the console
            </summary>
            <param name="line">Text to write</param>
            <param name="color">Color of the text</param>
        </member>
        <member name="M:BoltConsole.Write(System.String)">
            <summary>
            Write one line to the console
            </summary>
            <param name="line">Text to write</param>
        </member>
        <member name="T:BoltException">
            <summary>
            Base class for all bolt exceptions
            </summary>
        </member>
        <member name="T:BoltExecutionOrderAttribute">
            <summary>
            Attribute which lets you set the execution order of a script from C#
            </summary>
        </member>
        <member name="M:BoltExecutionOrderAttribute.#ctor(System.Int32)">
            <summary>
            </summary>
            <param name="order">Which execution order this script should have</param>
        </member>
        <member name="P:BoltExecutionOrderAttribute.executionOrder">
            <summary>
            The execution order
            </summary>
        </member>
        <member name="T:BoltFrameInterpolator">
            <summary>
            Interpolates the transform between two FixedUpdate states for smooth rendering without aliasing
            </summary>
        </member>
        <member name="P:BoltFrameInterpolator.renderAlpha">
            <summary>
            Progress to the next fixed update frame
            </summary>
        </member>
        <member name="P:BoltFrameInterpolator.renderPosition">
            <summary>
            The current render position
            </summary>
        </member>
        <member name="P:BoltFrameInterpolator.renderRotation">
            <summary>
            The current render rotation
            </summary>
        </member>
        <member name="P:BoltFrameInterpolator.renderTarget">
            <summary>
            The current render target
            </summary>
        </member>
        <member name="T:BoltCommand">
            <summary>
            Base class for all commands
            </summary>
        </member>
        <member name="M:BoltCommand.Clone">
            <summary>
            Clones the current command
            </summary>
        </member>
        <member name="M:BoltCommand.Dispose">
            <summary>
            Called when a command is disposed
            </summary>
        </member>
        <member name="M:BoltCommand.Interpolate">
            <summary>
            Called each frame to interpolate from a local incorrect state to a 
            remote correct state.
            </summary>
        </member>
        <member name="M:BoltCommand.PackState(BoltConnection,UdpKit.UdpStream)">
            <summary>
            Called on the server for sending the state of a command to the client
            </summary>
            <param name="connection">The connection we are sending to</param>
            <param name="stream">The packet stream</param>
        </member>
        <member name="M:BoltCommand.ReadState(BoltConnection,UdpKit.UdpStream)">
            <summary>
            Called on the client for reading the state of a command from the server
            </summary>
            <param name="connection">The connection we received the state from</param>
            <param name="stream">The packet stream</param>
        </member>
        <member name="M:BoltCommand.PackInput(BoltConnection,UdpKit.UdpStream)">
            <summary>
            Called on the client for sending a command to the server
            </summary>
            <param name="connection">The connection we are sending to</param>
            <param name="stream">The packet stream</param>
        </member>
        <member name="M:BoltCommand.ReadInput(BoltConnection,UdpKit.UdpStream)">
            <summary>
            Called on the server for reading a command from the client
            </summary>
            <param name="connection">The connection we received the command from</param>
            <param name="stream">The packet stream</param>
        </member>
        <member name="P:BoltCommand.serverFrame">
            <summary>
            The estimated server frame on the host that this command originated from.
            If this command was created on the server, this will be the same as sourceFrame.
            </summary>
        </member>
        <member name="P:BoltCommand.isFirstExecution">
            <summary>
            Returns true if this is the first execution of the command
            </summary>
        </member>
        <member name="P:BoltCommand.stateReceived">
            <summary>
            Returns true if we have received the corrected state from the server
            </summary>
        </member>
        <member name="T:IBoltCommandFactory">
            <summary>
            Interface all command factories must implement
            </summary>
        </member>
        <member name="M:IBoltCommandFactory.Create">
            <summary>
            Create a new command of the type returned by commandType
            </summary>
        </member>
        <member name="P:IBoltCommandFactory.commandType">
            <summary>
            The type of the command this factory creates. This must be unique across the application.
            </summary>
        </member>
        <member name="P:IBoltCommandFactory.commandId">
            <summary>
            The id of the command this factory creates. This must be unique across the application.
            </summary>
        </member>
        <member name="T:BoltEntityBehaviourBase">
            <summary>
            Base class for all entity behaviours
            </summary>
        </member>
        <member name="M:BoltEntityBehaviourBase.Attached">
            <summary>
            Called when the entity is attached
            </summary>
        </member>
        <member name="M:BoltEntityBehaviourBase.Detached">
            <summary>
            Called when the entity is detached
            </summary>
        </member>
        <member name="M:BoltEntityBehaviourBase.SimulateOwner">
            <summary>
            Called for simulating one frame the owner
            </summary>
        </member>
        <member name="M:BoltEntityBehaviourBase.SimulateProxy">
            <summary>
            Called for simulating one frame a proxy
            </summary>
        </member>
        <member name="M:BoltEntityBehaviourBase.SimulateController">
            <summary>
            Called for simulating one frame on the controller
            </summary>
        </member>
        <member name="M:BoltEntityBehaviourBase.ExecuteCommand(BoltCommand,System.Boolean)">
            <summary>
            Called for executing one command on the owner and controller
            </summary>
            <param name="cmd">The command we are executing</param>
            <param name="resetState">If we should reset the internal state to the state of this command instead of executing the input</param>
        </member>
        <member name="P:BoltEntityBehaviourBase.boltEntity">
            <summary>
            The entity this behaviour attached to
            </summary>
        </member>
        <member name="P:BoltEntityBehaviourBase.boltSerializer">
            <summary>
            The serializer for the entity this behaviour is attached to
            </summary>
        </member>
        <member name="P:BoltEntityBehaviourBase.boltFrameInterpolator">
            <summary>
            The frame interpolator for the entity this behaviour is attached to
            </summary>
        </member>
        <member name="T:BoltEntity">
            <summary>
            Enables a game object to be tracked by Bolt over the network
            </summary>
        </member>
        <member name="M:BoltEntity.SetMaskBits(Bits)">
            <summary>
            Sets the bits in the dirty mask of this entity
            </summary>
            <example>
            // sets the three first bits in the dirty mask
            SetMaskBits(1 | 2 | 4)
            </example>
            <param name="bits">The bits to set</param>
        </member>
        <member name="M:BoltEntity.ClearMaskBits(Bits)">
            <summary>
            Clear the bits in the dirty mask of this entity
            </summary>
            <example>
            // clears the three first bits in the dirty mask
            ClearMaskBits(1 | 2 | 4)
            </example>
            <param name="bits">The bits to clear</param>
        </member>
        <member name="M:BoltEntity.TakeControl">
            <summary>
            <p>Takes local control of this entity</p>
            </summary>
        </member>
        <member name="M:BoltEntity.ReleaseControl">
            <summary>
            Releases local control of this entity
            </summary>
        </member>
        <member name="M:BoltEntity.GiveControl(BoltConnection)">
            <summary>
            Gives control of this entity to a connection
            </summary>
            <param name="cn">The connection to give control to</param>
        </member>
        <member name="M:BoltEntity.RevokeControl">
            <summary>
            Revokes control of this entity from a connection
            </summary>
        </member>
        <member name="M:BoltEntity.IsControlledBy(BoltConnection)">
            <summary>
            Checks if this entity is being controlled by the connection
            </summary>
            <param name="cn">The connection to check</param>
        </member>
        <member name="M:BoltEntity.QueueCommand(BoltCommand)">
            <summary>
            Queue a command not his entity for execution. This is called on a client which is 
            controlling a proxied entity the command will also be sent to the server.
            </summary>
            <param name="cmd">The command to queue</param>
        </member>
        <member name="M:BoltEntity.Idle(BoltConnection)">
            <summary>
            Set this entity as idle on the supplied connection, this means that the connection 
            will not receive update state for this entity as long as it's idle.
            </summary>
            <param name="cn">The connection to idle the entity on</param>
        </member>
        <member name="M:BoltEntity.Wakeup(BoltConnection)">
            <summary>
            Wakes this entity up from being idle on the supplied connection, this means that the
            connection will start receiving updated state for this entity
            </summary>
            <param name="cn">The connection to wake the entity up on</param>
        </member>
        <member name="M:BoltEntity.Raise(IBoltEvent)">
            <summary>
            Raises an event on this entity. The event will be sent to all valid connections which has a proxy or
            is the owner of this entity
            </summary>
            <param name="event">The event to raise</param>
        </member>
        <member name="M:BoltEntity.SetOrigin(UnityEngine.Transform)">
            <summary>
            Sets the origin transform of this entity
            </summary>
        </member>
        <member name="M:BoltEntity.Teleport(UnityEngine.Vector3,UnityEngine.Quaternion)">
            <summary>
            Teleport this entity to a position and rotation
            </summary>
        </member>
        <member name="M:BoltEntity.Teleport(UnityEngine.Vector3)">
            <summary>
            Teleport this entity to a position
            </summary>
            <param name="position"></param>
        </member>
        <member name="P:BoltEntity.boltSerializer">
            <summary>
            Returns the serializer for this entity
            </summary>
        </member>
        <member name="P:BoltEntity.boltSource">
            <summary>
            Returns the connection, if any, that is the source of this entity
            </summary>
        </member>
        <member name="P:BoltEntity.boltRemoteController">
            <summary>
            Returns the connection, if any, that is remotely controlling this entity
            </summary>
        </member>
        <member name="P:BoltEntity.boltPersistanceMode">
            <summary>
            The persistance mode of this entity
            </summary>
        </member>
        <member name="P:BoltEntity.boltPrefabId">
            <summary>
            Prefab id of this entity, this value is assigned by
            Bolt when the compiler runs.
            </summary>
        </member>
        <member name="P:BoltEntity.boltId">
            <summary>
            Id of this entity, this value is an ever increasing sequence
            is guaranteed to be uqniue for every entity up until 2^32 entities
            have spawned.
            </summary>
        </member>
        <member name="P:BoltEntity.boltPackFrequency">
            <summary>
            How often this entity should be considered for packing by Bolt. 
            1 means every packet, 2 means every other packet, etc.
            </summary>
        </member>
        <member name="P:BoltEntity.boltSendRate">
            <summary>
            How often (in frames) we try to send states updates for this object
            </summary>
        </member>
        <member name="P:BoltEntity.boltIsAttached">
            <summary>
            Returns true if this entity is attached to bolt
            </summary>
        </member>
        <member name="P:BoltEntity.boltIsProxy">
            <summary>
            Returns true if this entity is a proxy which originates
            from a remote connection. The source connection can be found
            in BoltEntity.boltSource
            </summary>
        </member>
        <member name="P:BoltEntity.boltIsControlling">
            <summary>
            Returns true if we are controlling this entity. This can be true on both
            an owned and proxied entity.
            </summary>
        </member>
        <member name="P:BoltEntity.boltIsOwner">
            <summary>
            Returns true if we spawned this entity, false if it's from a remote connection
            </summary>
        </member>
        <member name="P:BoltEntity.boltIsRemoteControlled">
            <summary>
            Returns true if this entity is being controlled by a remote connection
            </summary>
        </member>
        <member name="P:BoltEntity.boltIsSceneObject">
            <summary>
            Returns true if this entity was placed in the scene
            </summary>
        </member>
        <member name="P:BoltEntity.boltFrame">
            <summary>
            Returns the simulation frame of this entity.
            If this is a locally ownd entity it returns the same as BoltNetwork.frame
            If this is a remote proxy which we are not in control of this returns BoltConnection.remoteFrameEstimated of the source connection
            If this is a remote proxy which we are controlling this returns BoltConnection.remoteFrameLatest of the source connection
            </summary>
        </member>
        <member name="P:BoltEntity.origin">
            <summary>
            The origin transform of this entity
            </summary>
        </member>
        <member name="T:BoltEntitySerializer">
            <summary>
            Base class for all entity serializers
            </summary>
        </member>
        <member name="M:BoltEntitySerializer.Attached">
            <summary>
            Called when the serializer is attached to an entity
            </summary>
        </member>
        <member name="M:BoltEntitySerializer.AttachedLate">
            <summary>
            Called aftr all Attached() methods have been called, and after the entity has been scoped
            </summary>
        </member>
        <member name="M:BoltEntitySerializer.Pack(BoltEntityUpdateInfo,UdpKit.UdpStream,Bits@)">
            <summary>
            Called for packing an entity state update on the network
            </summary>
            <param name="info">Contains information about the target connection and frame</param>
            <param name="stream">The stream to write into</param>
            <param name="mask">The mask of dirty bits set</param>
        </member>
        <member name="M:BoltEntitySerializer.Read(BoltEntityUpdateInfo,UdpKit.UdpStream)">
            <summary>
            Called for reading an entity state update from the network
            </summary>
            <param name="info">Contains information about the source connection and frame</param>
            <param name="stream">The stream to read from</param>
        </member>
        <member name="M:BoltEntitySerializer.UpdateRender">
            <summary>
            Called during the unity Update call, to update rendering of the serializer
            </summary>
        </member>
        <member name="M:BoltEntitySerializer.BeforeStep">
            <summary>
            Called before the entity is stepped one simulation frame forward
            </summary>
        </member>
        <member name="M:BoltEntitySerializer.AfterStep">
            <summary>
            Called after the entity has been stepped on simulation frame
            </summary>
        </member>
        <member name="M:BoltEntitySerializer.Teleported">
            <summary>
            Called after a remote proxy has been teleported
            </summary>
        </member>
        <member name="M:BoltEntitySerializer.BeforeSend">
            <summary>
            Called before sending a packet
            </summary>
        </member>
        <member name="M:BoltEntitySerializer.OriginChanging(UnityEngine.Transform,UnityEngine.Transform)">
            <summary>
            Called before this entitys origin changes
            </summary>
        </member>
        <member name="M:BoltEntitySerializer.CalculatePriority(BoltConnection,Bits,System.UInt32)">
            <summary>
            Calculates the priority of this entity in relation to the connection supplied
            </summary>
            <param name="cn">The connection we are calculating priority for</param>
            <param name="mask">The connections dirty mask for this entity</param>
            <param name="skipped">How many updates that have been skipped for this entity to the connection</param>
        </member>
        <member name="M:BoltEntitySerializer.InScope(BoltConnection)">
            <summary>
            Decides if the entity is within the scope of this connection and should be proxied to it
            </summary>
            <param name="cn">The connection to check scope for</param>
        </member>
        <member name="P:BoltEntitySerializer.proxyMask">
            <summary>
            The dirty mask to use for a newly created simple proxy
            </summary>
        </member>
        <member name="P:BoltEntitySerializer.controllerMask">
            <summary>
            The dirty mask to use for a newly created controller proxy
            </summary>
        </member>
        <member name="P:BoltEntitySerializer.boltSerializer">
            <summary>
            Returns the serializer itself
            </summary>
        </member>
        <member name="T:IBoltState">
            <summary>
            Base interface for all bolt state objects
            </summary>
        </member>
    </members>
</doc>
